review,review_date,scores,label
"Захватывающий триллер с блестящей концепцией. Визуальные эффекты до сих пор выглядят впечатляюще, а сюжет заставляет думать даже после окончания фильма.",23/04/2025,-0.44,negative
"Трогательная история, которая сочетает юмор и драму. Том Хэнкс великолепен в роли простодушного человека, проходящего через важные события американской истории.",13/11/2023,0.55,positive
Невероятно вдохновляющая история о надежде и дружбе. Фильм заставляет верить в лучшее даже в самых мрачных обстоятельствах.,04/12/2022,0.52,positive
"Эпичная сага о мафии с блистательной актерской игрой. Каждая сцена продумана до мелочей, а диалоги стали классикой кинематографа.",12/05/2024,0.41,positive
"Перегруженный спецэффектами боевик с предсказуемым сюжетом. Диалоги кажутся шаблонными, а персонажи недостаточно проработаны.",06/07/2023,-0.46,negative
"Банальная романтическая история с клишированными персонажами. Химия между актерами не ощущается, сюжетные поводы вызывают недоумение.",31/08/2022,-0.66,negative
Странный визуальный ряд и сомнительные костюмы отвлекают от сюжета. Музыкальные номера не спасают общее впечатление от просмотра.,06/09/2025,-0.54,negative
"Невыразительная экранизация с посредственной графикой. Фильм не передает атмосферу оригинальной книги, персонажи кажутся плоскими.",12/12/2023,-0.2,neutral
"Трогательная и одновременно смешная история о дружбе, которая ломает все социальные барьеры. Игра Франсуа Клюзе и Омара Си — настоящее удовольствие для зрителя, а баланс драмы и юмора делает фильм по‑настоящему запоминающимся. Однозначно рекомендую к просмотру!",27/11/2025,0.49,positive
"Фильм, который заставляет и смеяться, и плакать: за лёгкими шутками и песнями скрывается глубокая правда о войне и человеческой стойкости. Искренняя игра актёров и тёплая атмосфера делают эту картину бессмертной классикой. Смотришь — и сердце замирает.",27/11/2025,0.9,positive
"Спецэффекты не спасают от абсолютно предсказуемого и банального сюжета. Диалоги кажутся шаблонными, а персонажи настолько плоскими, что совершенно не вызывают эмпатии.",28/11/2025,-0.7,negative
"Юмор на уровне устаревших штампов, а химия между главными героями полностью отсутствует. Создается впечатление, что сценарий писали по шаблону, не вложив ни капли оригинальности.",28/11/2025,-0.74,negative
